Date,About,Period,Player Load Per Minute,IMA Accel Low,IMA Accel High,IMA Accel Total,IMA Jump Count Low Band,IMA Jump Count Med Band,IMA Jump Count High Band,Season,Prop_Accel_High,Prop_Jump_High
2022-11-07,Athlete A,Game,9.5,21,4,36,16,6,9,1,0.1111111111111111,0.2903225806451613
2022-11-07,Athlete C,Game,8.4,20,3,32,29,14,6,1,0.09375,0.12244897959183673
2022-11-07,Athlete D,Game,8.899999999999999,37,11,62,35,11,22,1,0.1774193548387097,0.3235294117647059
2022-11-07,Athlete F,Game,9.6,63,6,79,24,14,15,1,0.0759493670886076,0.2830188679245283
2022-11-07,Athlete G,Game,9.95,73,13,104,49,28,23,1,0.125,0.23
2022-11-07,Athlete H,Game,9.05,59,14,93,33,17,11,1,0.15053763440860216,0.18032786885245902
2022-11-07,Athlete J,Game,11.149999999999999,60,14,102,21,18,20,1,0.13725490196078433,0.3389830508474576
2022-11-07,Ben Vander Plas,Game,8.6,50,8,66,39,26,10,1,0.12121212121212122,0.13333333333333333
2022-11-11,Athlete B,Game,10.95,46,4,59,19,12,10,1,0.06779661016949153,0.24390243902439024
2022-11-11,Athlete C,Game,11.95,66,10,93,17,18,12,1,0.10752688172043011,0.2553191489361702
2022-11-11,Athlete D,Game,13.0,47,18,78,13,11,9,1,0.23076923076923078,0.2727272727272727
2022-11-11,Athlete E,Game,15.600000000000001,106,40,191,69,33,21,1,0.2094240837696335,0.17073170731707318
2022-11-11,Athlete F,Game,12.05,64,18,98,24,13,9,1,0.1836734693877551,0.1956521739130435
2022-11-11,Athlete G,Game,14.35,65,26,102,42,23,10,1,0.2549019607843137,0.13333333333333333
2022-11-11,Athlete H,Game,13.2,61,15,90,19,14,6,1,0.16666666666666666,0.15384615384615385
2022-11-11,Athlete J,Game,13.5,65,24,109,14,17,6,1,0.22018348623853212,0.16216216216216217
2022-11-11,Ben Vander Plas,Game,11.05,72,15,113,29,22,6,1,0.13274336283185842,0.10526315789473684
2022-11-18,Athlete A,Game,12.05,20,8,36,4,4,4,1,0.2222222222222222,0.3333333333333333
2022-11-18,Athlete C,Game,11.399999999999999,10,6,20,10,6,4,1,0.3,0.2
2022-11-18,Athlete D,Game,11.850000000000001,56,28,100,28,25,15,1,0.28,0.22058823529411764
2022-11-18,Athlete E,Game,14.600000000000001,24,6,41,8,4,5,1,0.14634146341463414,0.29411764705882354
2022-11-18,Athlete F,Game,12.25,94,27,153,36,16,20,1,0.17647058823529413,0.2777777777777778
2022-11-18,Athlete G,Game,12.100000000000001,87,27,150,72,36,19,1,0.18,0.14960629921259844
2022-11-18,Athlete H,Game,10.1,71,23,124,44,15,16,1,0.18548387096774194,0.21333333333333335
2022-11-18,Athlete J,Game,12.35,58,19,101,35,12,12,1,0.18811881188118812,0.2033898305084746
2022-11-18,Ben Vander Plas,Game,10.149999999999999,66,20,112,34,20,13,1,0.17857142857142858,0.19402985074626866
2022-11-20,Athlete A,Game,14.25,40,19,74,15,9,7,1,0.25675675675675674,0.22580645161290322
2022-11-20,Athlete C,Game,13.35,26,5,39,14,5,6,1,0.1282051282051282,0.24
2022-11-20,Athlete D,Game,12.850000000000001,55,27,111,23,18,17,1,0.24324324324324326,0.29310344827586204
2022-11-20,Athlete F,Game,11.350000000000001,71,22,128,23,21,19,1,0.171875,0.30158730158730157
2022-11-20,Athlete G,Game,13.25,50,31,98,44,19,16,1,0.3163265306122449,0.20253164556962025
2022-11-20,Athlete H,Game,11.350000000000001,86,40,160,47,19,16,1,0.25,0.1951219512195122
2022-11-20,Athlete J,Game,13.3,107,34,182,42,25,16,1,0.18681318681318682,0.1927710843373494
2022-11-20,Ben Vander Plas,Game,10.85,84,29,142,20,21,20,1,0.20422535211267606,0.32786885245901637
2022-11-25,Athlete A,Game,16.75,45,12,77,9,17,4,1,0.15584415584415584,0.13333333333333333
2022-11-25,Athlete C,Game,14.1,19,6,30,7,7,8,1,0.2,0.36363636363636365
2022-11-25,Athlete D,Game,13.3,43,16,71,23,10,10,1,0.22535211267605634,0.23255813953488372
2022-11-25,Athlete E,Game,18.65,38,17,73,22,13,12,1,0.2328767123287671,0.2553191489361702
2022-11-25,Athlete F,Game,11.8,54,22,104,28,12,13,1,0.21153846153846154,0.24528301886792453
2022-11-25,Athlete G,Game,15.75,43,16,77,37,17,12,1,0.2077922077922078,0.18181818181818182
2022-11-25,Athlete H,Game,12.850000000000001,60,29,107,28,19,9,1,0.27102803738317754,0.16071428571428573
2022-11-25,Athlete J,Game,13.9,75,34,145,41,36,17,1,0.23448275862068965,0.18085106382978725
2022-11-25,Ben Vander Plas,Game,13.35,63,16,98,21,19,8,1,0.16326530612244897,0.16666666666666666
2022-11-29,Athlete A,Game,14.35,20,6,34,15,5,1,1,0.17647058823529413,0.047619047619047616
2022-11-29,Athlete C,Game,12.05,8,2,16,8,2,3,1,0.125,0.23076923076923078
2022-11-29,Athlete D,Game,11.600000000000001,44,13,67,29,11,17,1,0.19402985074626866,0.2982456140350877
2022-11-29,Athlete E,Game,11.399999999999999,13,4,25,11,1,5,1,0.16,0.29411764705882354
2022-11-29,Athlete F,Game,12.9,61,30,118,32,18,13,1,0.2542372881355932,0.20634920634920634
2022-11-29,Athlete G,Game,14.899999999999999,71,17,108,35,22,9,1,0.1574074074074074,0.13636363636363635
2022-11-29,Athlete H,Game,11.399999999999999,76,37,141,25,15,13,1,0.2624113475177305,0.24528301886792453
2022-11-29,Athlete J,Game,12.75,104,25,165,40,29,16,1,0.15151515151515152,0.18823529411764706
2022-11-29,Ben Vander Plas,Game,10.35,59,20,104,21,17,9,1,0.19230769230769232,0.19148936170212766
2022-12-03,Athlete C,Game,13.65,44,11,64,9,7,10,1,0.171875,0.38461538461538464
2022-12-03,Athlete D,Game,12.05,43,22,79,21,11,17,1,0.27848101265822783,0.3469387755102041
2022-12-03,Athlete E,Game,14.649999999999999,48,24,89,23,11,12,1,0.2696629213483146,0.2608695652173913
2022-12-03,Athlete F,Game,11.0,59,22,103,32,19,16,1,0.21359223300970873,0.23880597014925373
2022-12-03,Athlete G,Game,13.3,84,32,145,32,24,15,1,0.2206896551724138,0.2112676056338028
2022-12-03,Athlete H,Game,11.2,69,30,135,25,16,10,1,0.2222222222222222,0.19607843137254902
2022-12-03,Athlete J,Game,12.399999999999999,95,33,160,30,24,21,1,0.20625,0.28
2022-12-03,Ben Vander Plas,Game,11.149999999999999,94,28,151,23,29,20,1,0.18543046357615894,0.2777777777777778
2022-12-06,Athlete C,Game,12.05,49,14,76,25,9,11,1,0.18421052631578946,0.24444444444444444
2022-12-06,Athlete D,Game,13.3,54,23,92,27,23,14,1,0.25,0.21875
2022-12-06,Athlete E,Game,16.1,70,31,139,39,16,15,1,0.22302158273381295,0.21428571428571427
2022-12-06,Athlete G,Game,13.5,68,18,112,55,24,14,1,0.16071428571428573,0.15053763440860216
2022-12-06,Athlete H,Game,11.75,83,45,153,33,15,15,1,0.29411764705882354,0.23809523809523808
2022-12-06,Athlete J,Game,13.899999999999999,98,41,164,29,31,16,1,0.25,0.21052631578947367
2022-12-06,Ben Vander Plas,Game,11.45,81,23,141,14,27,10,1,0.16312056737588654,0.19607843137254902
2022-12-17,Athlete C,Game,12.25,34,8,65,16,13,9,1,0.12307692307692308,0.23684210526315788
2022-12-17,Athlete D,Game,11.3,50,16,85,10,17,17,1,0.18823529411764706,0.38636363636363635
2022-12-17,Athlete E,Game,10.350000000000001,16,5,29,4,1,4,1,0.1724137931034483,0.4444444444444444
2022-12-17,Athlete F,Game,12.55,66,33,131,32,22,9,1,0.25190839694656486,0.14285714285714285
2022-12-17,Athlete G,Game,12.2,70,35,149,51,25,14,1,0.2348993288590604,0.15555555555555556
2022-12-17,Athlete H,Game,11.15,82,33,151,25,15,9,1,0.2185430463576159,0.1836734693877551
2022-12-17,Athlete J,Game,13.45,76,25,142,44,36,9,1,0.176056338028169,0.10112359550561797
2022-12-17,Ben Vander Plas,Game,12.75,55,21,100,17,21,12,1,0.21,0.24
2022-12-20,Athlete A,Game,12.649999999999999,13,13,38,11,9,5,1,0.34210526315789475,0.2
2022-12-20,Athlete B,Game,10.6,22,6,30,16,8,4,1,0.2,0.14285714285714285
2022-12-20,Athlete C,Game,10.85,56,17,96,20,13,19,1,0.17708333333333334,0.36538461538461536
2022-12-20,Athlete D,Game,12.4,23,14,41,13,9,9,1,0.34146341463414637,0.2903225806451613
2022-12-20,Athlete F,Game,12.0,80,19,123,38,22,16,1,0.15447154471544716,0.21052631578947367
2022-12-20,Athlete G,Game,12.350000000000001,34,12,53,25,6,8,1,0.22641509433962265,0.20512820512820512
2022-12-20,Athlete H,Game,10.75,55,30,102,22,17,11,1,0.29411764705882354,0.22
2022-12-20,Athlete J,Game,12.850000000000001,67,21,123,34,30,6,1,0.17073170731707318,0.08571428571428572
2022-12-20,Ben Vander Plas,Game,10.55,100,25,154,17,21,11,1,0.16233766233766234,0.22448979591836735
2022-12-28,Athlete A,Game,12.95,31,25,79,18,11,11,1,0.31645569620253167,0.275
2022-12-28,Athlete B,Game,11.4,30,3,38,21,8,4,1,0.07894736842105263,0.12121212121212122
2022-12-28,Athlete C,Game,12.899999999999999,68,15,106,26,18,9,1,0.14150943396226415,0.16981132075471697
2022-12-28,Athlete D,Game,13.4,58,22,104,38,13,25,1,0.21153846153846154,0.32894736842105265
2022-12-28,Athlete E,Game,15.5,73,24,127,35,12,8,1,0.1889763779527559,0.14545454545454545
2022-12-28,Athlete G,Game,14.25,73,24,125,52,27,13,1,0.192,0.14130434782608695
2022-12-28,Athlete H,Game,13.100000000000001,61,25,106,37,11,12,1,0.2358490566037736,0.2
2022-12-28,Athlete J,Game,13.6,82,21,136,30,16,18,1,0.15441176470588236,0.28125
2022-12-28,Ben Vander Plas,Game,12.85,35,10,68,22,17,5,1,0.14705882352941177,0.11363636363636363
2022-12-31,Athlete A,Game,14.1,26,9,46,10,9,1,1,0.1956521739130435,0.05
2022-12-31,Athlete C,Game,11.4,39,11,63,22,10,11,1,0.1746031746031746,0.2558139534883721
2022-12-31,Athlete D,Game,11.9,54,22,84,23,17,16,1,0.2619047619047619,0.2857142857142857
2022-12-31,Athlete E,Game,13.350000000000001,36,15,75,31,10,10,1,0.2,0.19607843137254902
2022-12-31,Athlete F,Game,13.1,54,9,78,26,10,9,1,0.11538461538461539,0.2
2022-12-31,Athlete G,Game,12.649999999999999,69,22,115,31,14,13,1,0.19130434782608696,0.22413793103448276
2022-12-31,Athlete H,Game,10.25,55,32,107,25,16,13,1,0.29906542056074764,0.24074074074074073
2022-12-31,Athlete J,Game,12.2,64,17,105,19,16,12,1,0.1619047619047619,0.2553191489361702
2022-12-31,Ben Vander Plas,Game,12.25,74,19,121,27,10,7,1,0.15702479338842976,0.1590909090909091
2023-01-03,Athlete C,Game,10.8,35,10,60,12,8,11,1,0.16666666666666666,0.3548387096774194
2023-01-03,Athlete D,Game,11.9,40,20,77,29,13,21,1,0.2597402597402597,0.3333333333333333
2023-01-03,Athlete E,Game,11.75,18,7,30,9,3,3,1,0.23333333333333334,0.2
2023-01-03,Athlete F,Game,9.45,57,10,85,36,20,20,1,0.11764705882352941,0.2631578947368421
2023-01-03,Athlete G,Game,12.6,57,26,109,36,32,16,1,0.23853211009174313,0.19047619047619047
2023-01-03,Athlete H,Game,11.45,69,20,117,36,12,10,1,0.17094017094017094,0.1724137931034483
2023-01-03,Athlete J,Game,14.55,63,29,125,31,26,12,1,0.232,0.17391304347826086
2023-01-03,Ben Vander Plas,Game,12.5,68,25,113,18,17,6,1,0.22123893805309736,0.14634146341463414
2023-01-07,Athlete C,Game,13.4,54,13,84,22,7,13,1,0.15476190476190477,0.30952380952380953
2023-01-07,Athlete D,Game,12.7,72,29,128,35,22,17,1,0.2265625,0.22972972972972974
2023-01-07,Athlete F,Game,12.1,74,13,122,35,18,12,1,0.10655737704918032,0.18461538461538463
2023-01-07,Athlete G,Game,14.25,71,30,133,40,18,25,1,0.22556390977443608,0.30120481927710846
2023-01-07,Athlete H,Game,12.55,73,39,148,37,15,12,1,0.2635135135135135,0.1875
2023-01-07,Athlete J,Game,13.5,80,19,135,36,23,17,1,0.14074074074074075,0.2236842105263158
2023-01-07,Ben Vander Plas,Game,12.4,92,15,129,30,19,16,1,0.11627906976744186,0.24615384615384617
2023-01-10,Athlete A,Game,16.55,21,11,38,5,3,3,1,0.2894736842105263,0.2727272727272727
2023-01-10,Athlete C,Game,12.25,29,8,52,18,9,7,1,0.15384615384615385,0.20588235294117646
2023-01-10,Athlete D,Game,14.149999999999999,72,29,127,22,22,26,1,0.2283464566929134,0.37142857142857144
2023-01-10,Athlete F,Game,12.5,80,32,147,30,22,13,1,0.21768707482993196,0.2
2023-01-10,Athlete G,Game,14.2,60,17,105,31,16,8,1,0.1619047619047619,0.14545454545454545
2023-01-10,Athlete H,Game,13.0,61,45,130,37,15,15,1,0.34615384615384615,0.22388059701492538
2023-01-10,Athlete J,Game,15.3,46,26,99,21,10,9,1,0.26262626262626265,0.225
2023-01-10,Ben Vander Plas,Game,12.45,91,27,140,19,31,19,1,0.19285714285714287,0.2753623188405797
2023-01-14,Athlete C,Game,13.65,28,4,42,17,7,6,1,0.09523809523809523,0.2
2023-01-14,Athlete D,Game,13.399999999999999,51,17,86,21,9,21,1,0.19767441860465115,0.4117647058823529
2023-01-14,Athlete E,Game,14.8,51,12,76,28,21,16,1,0.15789473684210525,0.24615384615384617
2023-01-14,Athlete F,Game,10.5,56,3,75,34,23,11,1,0.04,0.16176470588235295
2023-01-14,Athlete H,Game,12.8,76,23,125,28,16,13,1,0.184,0.22807017543859648
2023-01-14,Athlete J,Game,15.600000000000001,57,23,97,44,20,6,1,0.23711340206185566,0.08571428571428572
2023-01-14,Ben Vander Plas,Game,12.25,80,23,134,28,30,18,1,0.17164179104477612,0.23684210526315788
2023-01-18,Athlete C,Game,13.45,36,11,54,14,4,9,1,0.2037037037037037,0.3333333333333333
2023-01-18,Athlete D,Game,14.8,61,19,106,19,9,16,1,0.1792452830188679,0.36363636363636365
2023-01-18,Athlete E,Game,17.35,83,31,153,60,14,17,1,0.20261437908496732,0.18681318681318682
2023-01-18,Athlete F,Game,13.2,81,23,138,34,19,13,1,0.16666666666666666,0.19696969696969696
2023-01-18,Athlete H,Game,13.350000000000001,70,42,140,28,13,16,1,0.3,0.2807017543859649
2023-01-18,Athlete J,Game,15.7,87,23,139,31,13,11,1,0.16546762589928057,0.2
2023-01-18,Ben Vander Plas,Game,13.55,84,34,147,32,22,17,1,0.23129251700680273,0.23943661971830985
2023-01-21,Athlete C,Game,10.0,27,8,49,17,11,15,1,0.16326530612244897,0.3488372093023256
2023-01-21,Athlete D,Game,10.7,68,17,108,32,17,25,1,0.1574074074074074,0.33783783783783783
2023-01-21,Athlete E,Game,10.75,97,22,151,55,17,19,1,0.1456953642384106,0.2087912087912088
2023-01-21,Athlete F,Game,8.45,35,10,58,25,13,8,1,0.1724137931034483,0.17391304347826086
2023-01-21,Athlete H,Game,9.850000000000001,33,17,73,20,12,13,1,0.2328767123287671,0.28888888888888886
2023-01-21,Athlete J,Game,12.7,64,25,118,32,21,8,1,0.211864406779661,0.13114754098360656
2023-01-21,Ben Vander Plas,Game,11.25,68,33,129,18,26,13,1,0.2558139534883721,0.22807017543859648
2023-01-28,Athlete A,Game,12.85,19,7,34,6,9,1,1,0.20588235294117646,0.0625
2023-01-28,Athlete C,Game,13.3,44,8,66,19,14,13,1,0.12121212121212122,0.2826086956521739
2023-01-28,Athlete D,Game,15.05,55,28,105,15,18,21,1,0.26666666666666666,0.3888888888888889
2023-01-28,Athlete E,Game,15.4,38,22,80,25,15,18,1,0.275,0.3103448275862069
2023-01-28,Athlete F,Game,12.75,76,23,117,30,17,10,1,0.19658119658119658,0.17543859649122806
2023-01-28,Athlete G,Game,15.2,52,18,91,35,13,7,1,0.1978021978021978,0.12727272727272726
2023-01-28,Athlete H,Game,13.25,67,18,103,15,12,10,1,0.17475728155339806,0.2702702702702703
2023-01-28,Athlete J,Game,15.05,82,29,140,46,20,13,1,0.20714285714285716,0.16455696202531644
2023-01-28,Ben Vander Plas,Game,12.65,58,20,92,15,21,10,1,0.21739130434782608,0.21739130434782608
2023-01-30,Athlete C,Game,11.7,22,8,45,20,10,9,1,0.17777777777777778,0.23076923076923078
2023-01-30,Athlete D,Game,10.5,43,15,70,23,16,19,1,0.21428571428571427,0.3275862068965517
2023-01-30,Athlete E,Game,12.7,31,13,53,13,6,9,1,0.24528301886792453,0.32142857142857145
2023-01-30,Athlete F,Game,9.05,53,10,77,53,16,17,1,0.12987012987012986,0.19767441860465115
2023-01-30,Athlete G,Game,12.55,36,12,58,26,12,8,1,0.20689655172413793,0.17391304347826086
2023-01-30,Athlete H,Game,11.350000000000001,91,26,155,37,15,14,1,0.16774193548387098,0.21212121212121213
2023-01-30,Athlete J,Game,11.95,89,32,168,44,27,13,1,0.19047619047619047,0.15476190476190477
2023-01-30,Ben Vander Plas,Game,11.35,108,22,172,42,30,12,1,0.12790697674418605,0.14285714285714285
2023-02-04,Athlete A,Game,15.100000000000001,11,7,28,10,4,1,1,0.25,0.06666666666666667
2023-02-04,Athlete C,Game,9.95,45,11,68,18,14,8,1,0.16176470588235295,0.2
2023-02-04,Athlete D,Game,13.55,60,22,110,23,13,13,1,0.2,0.2653061224489796
2023-02-04,Athlete E,Game,11.6,32,13,69,16,5,6,1,0.18840579710144928,0.2222222222222222
2023-02-04,Athlete F,Game,12.4,74,28,126,30,12,21,1,0.2222222222222222,0.3333333333333333
2023-02-04,Athlete H,Game,13.2,81,30,143,32,14,10,1,0.2097902097902098,0.17857142857142858
2023-02-04,Athlete J,Game,15.0,108,43,192,36,34,16,1,0.22395833333333334,0.18604651162790697
2023-02-04,Ben Vander Plas,Game,12.7,83,21,141,20,14,13,1,0.14893617021276595,0.2765957446808511
2023-02-07,Athlete C,Game,12.25,67,13,108,23,9,18,1,0.12037037037037036,0.36
2023-02-07,Athlete D,Game,13.1,50,24,97,18,6,12,1,0.24742268041237114,0.3333333333333333
2023-02-07,Athlete F,Game,12.8,64,22,116,38,16,15,1,0.1896551724137931,0.21739130434782608
2023-02-07,Athlete G,Game,14.85,99,36,172,37,22,13,1,0.20930232558139536,0.18055555555555555
2023-02-07,Athlete H,Game,12.55,80,34,143,34,19,10,1,0.23776223776223776,0.15873015873015872
2023-02-07,Athlete J,Game,14.55,89,37,167,25,28,16,1,0.2215568862275449,0.2318840579710145
2023-02-07,Ben Vander Plas,Game,12.65,58,17,102,13,16,7,1,0.16666666666666666,0.19444444444444445
2023-02-11,Athlete A,Game,15.85,38,18,68,12,5,4,1,0.2647058823529412,0.19047619047619047
2023-02-11,Athlete C,Game,12.35,57,10,74,10,8,8,1,0.13513513513513514,0.3076923076923077
2023-02-11,Athlete D,Game,12.649999999999999,49,24,98,29,9,15,1,0.24489795918367346,0.2830188679245283
2023-02-11,Athlete E,Game,15.3,53,20,96,30,11,15,1,0.20833333333333334,0.26785714285714285
2023-02-11,Athlete F,Game,11.1,55,26,111,28,19,17,1,0.23423423423423423,0.265625
2023-02-11,Athlete G,Game,13.5,26,9,43,27,8,9,1,0.20930232558139536,0.20454545454545456
2023-02-11,Athlete H,Game,12.6,59,32,111,23,18,14,1,0.2882882882882883,0.2545454545454545
2023-02-11,Athlete J,Game,15.0,62,24,112,24,19,2,1,0.21428571428571427,0.044444444444444446
2023-02-11,Ben Vander Plas,Game,12.7,75,23,134,29,18,10,1,0.17164179104477612,0.17543859649122806
2023-02-15,Athlete C,Game,9.95,50,11,80,30,12,12,1,0.1375,0.2222222222222222
2023-02-15,Athlete D,Game,12.149999999999999,52,22,94,21,10,22,1,0.23404255319148937,0.41509433962264153
2023-02-15,Athlete E,Game,13.65,21,7,36,20,6,4,1,0.19444444444444445,0.13333333333333333
2023-02-15,Athlete F,Game,8.65,50,14,80,41,19,10,1,0.175,0.14285714285714285
2023-02-15,Athlete G,Game,12.7,45,8,62,17,7,5,1,0.12903225806451613,0.1724137931034483
2023-02-15,Athlete H,Game,12.3,54,28,105,36,14,19,1,0.26666666666666666,0.2753623188405797
2023-02-15,Athlete J,Game,14.25,73,17,114,40,22,16,1,0.14912280701754385,0.20512820512820512
2023-02-15,Ben Vander Plas,Game,10.75,90,21,150,30,28,19,1,0.14,0.24675324675324675
2023-02-18,Athlete C,Game,14.1,35,11,69,26,11,11,1,0.15942028985507245,0.22916666666666666
2023-02-18,Athlete D,Game,14.3,62,21,105,32,14,18,1,0.2,0.28125
2023-02-18,Athlete E,Game,13.55,33,9,52,15,13,4,1,0.17307692307692307,0.125
2023-02-18,Athlete F,Game,13.6,69,23,112,35,23,17,1,0.20535714285714285,0.22666666666666666
2023-02-18,Athlete G,Game,16.65,27,9,51,22,7,4,1,0.17647058823529413,0.12121212121212122
2023-02-18,Athlete H,Game,14.05,72,22,126,37,12,8,1,0.1746031746031746,0.14035087719298245
2023-02-18,Athlete J,Game,15.5,87,30,149,34,20,17,1,0.20134228187919462,0.23943661971830985
2023-02-18,Ben Vander Plas,Game,13.7,74,20,132,26,18,11,1,0.15151515151515152,0.2
2023-02-22,Athlete C,Game,12.05,41,13,70,17,19,12,1,0.18571428571428572,0.25
2023-02-22,Athlete D,Game,12.899999999999999,55,17,92,18,10,8,1,0.18478260869565216,0.2222222222222222
2023-02-22,Athlete E,Game,9.35,22,8,44,23,8,12,1,0.18181818181818182,0.27906976744186046
2023-02-22,Athlete F,Game,9.850000000000001,54,15,83,43,14,16,1,0.18072289156626506,0.2191780821917808
2023-02-22,Athlete G,Game,12.95,30,12,57,20,13,7,1,0.21052631578947367,0.175
2023-02-22,Athlete H,Game,13.0,74,20,123,31,17,17,1,0.16260162601626016,0.26153846153846155
2023-02-22,Athlete J,Game,13.85,87,28,161,31,33,10,1,0.17391304347826086,0.13513513513513514
2023-02-22,Ben Vander Plas,Game,11.95,97,27,153,32,27,10,1,0.17647058823529413,0.14492753623188406
2023-02-25,Athlete C,Game,10.45,70,10,106,19,9,16,1,0.09433962264150944,0.36363636363636365
2023-02-25,Athlete D,Game,11.649999999999999,67,15,98,29,20,14,1,0.15306122448979592,0.2222222222222222
2023-02-25,Athlete E,Game,13.05,26,19,64,29,5,9,1,0.296875,0.20930232558139536
2023-02-25,Athlete F,Game,9.4,60,10,80,34,16,21,1,0.125,0.29577464788732394
2023-02-25,Athlete G,Game,16.25,32,6,42,13,8,3,1,0.14285714285714285,0.125
2023-02-25,Athlete H,Game,11.55,57,31,114,23,8,12,1,0.2719298245614035,0.27906976744186046
2023-02-25,Athlete J,Game,13.45,115,38,181,60,45,20,1,0.20994475138121546,0.16
2023-02-25,Ben Vander Plas,Game,12.600000000000001,62,18,105,28,14,11,1,0.17142857142857143,0.20754716981132076
2023-02-28,Athlete A,Game,15.3,24,12,46,7,5,3,1,0.2608695652173913,0.2
2023-02-28,Athlete C,Game,15.450000000000001,28,9,44,12,5,7,1,0.20454545454545456,0.2916666666666667
2023-02-28,Athlete D,Game,13.45,37,20,70,26,16,16,1,0.2857142857142857,0.27586206896551724
2023-02-28,Athlete E,Game,15.3,50,30,92,41,14,21,1,0.32608695652173914,0.27631578947368424
2023-02-28,Athlete F,Game,12.5,66,27,109,30,25,16,1,0.24770642201834864,0.22535211267605634
2023-02-28,Athlete H,Game,13.2,64,38,119,22,12,7,1,0.31932773109243695,0.17073170731707318
2023-02-28,Athlete J,Game,14.25,76,33,155,42,33,11,1,0.2129032258064516,0.12790697674418605
2023-02-28,Ben Vander Plas,Game,13.9,65,19,110,18,17,5,1,0.17272727272727273,0.125
2023-03-04,Athlete A,Game,12.600000000000001,24,11,43,6,5,2,1,0.2558139534883721,0.15384615384615385
2023-03-04,Athlete B,Game,12.2,6,0,8,7,2,2,1,0.0,0.18181818181818182
2023-03-04,Athlete C,Game,12.2,32,6,55,17,18,7,1,0.10909090909090909,0.16666666666666666
2023-03-04,Athlete D,Game,13.45,64,16,101,28,20,13,1,0.15841584158415842,0.21311475409836064
2023-03-04,Athlete E,Game,15.1,53,22,94,40,12,17,1,0.23404255319148937,0.2463768115942029
2023-03-04,Athlete F,Game,13.1,67,22,109,45,22,9,1,0.2018348623853211,0.11842105263157894
2023-03-04,Athlete H,Game,13.25,74,32,138,22,14,11,1,0.2318840579710145,0.23404255319148937
2023-03-04,Athlete J,Game,12.8,89,31,153,35,33,20,1,0.20261437908496732,0.22727272727272727
2023-03-04,Ben Vander Plas,Game,12.5,73,22,118,20,26,7,1,0.1864406779661017,0.1320754716981132
2023-03-09,Athlete A,Game,13.649999999999999,51,11,77,14,4,3,1,0.14285714285714285,0.14285714285714285
2023-03-09,Athlete C,Game,11.9,43,10,69,14,15,7,1,0.14492753623188406,0.19444444444444445
2023-03-09,Athlete D,Game,13.75,50,20,85,30,14,17,1,0.23529411764705882,0.2786885245901639
2023-03-09,Athlete E,Game,8.7,36,13,58,22,9,3,1,0.22413793103448276,0.08823529411764706
2023-03-09,Athlete F,Game,10.85,40,13,71,45,23,14,1,0.18309859154929578,0.17073170731707318
2023-03-09,Athlete G,Game,14.65,73,21,119,38,20,10,1,0.17647058823529413,0.14705882352941177
2023-03-09,Athlete H,Game,12.2,99,29,168,26,9,13,1,0.17261904761904762,0.2708333333333333
2023-03-09,Athlete J,Game,11.8,85,30,153,46,32,21,1,0.19607843137254902,0.21212121212121213
2023-03-10,Athlete A,Game,12.0,38,21,76,8,5,3,1,0.27631578947368424,0.1875
2023-03-10,Athlete B,Game,12.350000000000001,11,1,12,10,5,1,1,0.08333333333333333,0.0625
2023-03-10,Athlete C,Game,13.55,33,19,64,18,10,11,1,0.296875,0.28205128205128205
2023-03-10,Athlete D,Game,13.55,55,31,108,21,11,22,1,0.28703703703703703,0.4074074074074074
2023-03-10,Athlete E,Game,15.4,70,22,118,43,16,18,1,0.1864406779661017,0.23376623376623376
2023-03-10,Athlete F,Game,10.25,47,8,67,50,19,14,1,0.11940298507462686,0.1686746987951807
2023-03-10,Athlete G,Game,12.95,64,28,120,28,16,12,1,0.23333333333333334,0.21428571428571427
2023-03-10,Athlete H,Game,12.1,66,17,110,24,16,11,1,0.15454545454545454,0.21568627450980393
2023-03-10,Athlete J,Game,12.0,88,30,160,43,19,18,1,0.1875,0.225
2023-03-11,Athlete A,Game,12.6,30,9,56,9,4,6,1,0.16071428571428573,0.3157894736842105
2023-03-11,Athlete C,Game,10.649999999999999,40,8,63,13,8,11,1,0.12698412698412698,0.34375
2023-03-11,Athlete D,Game,11.95,42,12,67,15,14,19,1,0.1791044776119403,0.3958333333333333
2023-03-11,Athlete E,Game,12.4,45,27,95,34,8,18,1,0.28421052631578947,0.3
2023-03-11,Athlete F,Game,9.8,57,7,80,49,17,13,1,0.0875,0.16455696202531644
2023-03-11,Athlete G,Game,13.4,79,25,136,45,20,17,1,0.18382352941176472,0.2073170731707317
2023-03-11,Athlete H,Game,11.5,51,23,95,28,9,11,1,0.24210526315789474,0.22916666666666666
2023-03-11,Athlete J,Game,10.8,91,26,146,40,18,12,1,0.1780821917808219,0.17142857142857143
2023-10-14,Athlete B,Game,11.55,22,3,28,34,21,5,2,0.10714285714285714,0.08333333333333333
2023-10-14,Athlete C,Game,13.2,34,6,56,15,15,5,2,0.10714285714285714,0.14285714285714285
2023-10-14,Athlete E,Game,14.600000000000001,47,27,90,25,11,22,2,0.3,0.3793103448275862
2023-10-14,Athlete F,Game,10.75,20,11,41,14,9,17,2,0.2682926829268293,0.425
2023-10-14,Athlete L,Game,12.9,41,13,69,11,9,12,2,0.18840579710144928,0.375
2023-10-14,Athlete M,Game,11.05,35,7,55,17,10,15,2,0.12727272727272726,0.35714285714285715
2023-10-14,Athlete N,Game,10.65,29,4,41,6,4,10,2,0.0975609756097561,0.5
2023-10-14,Athlete O,Game,11.6,34,5,50,27,11,8,2,0.1,0.17391304347826086
2023-10-14,Athlete P,Game,12.350000000000001,34,5,47,10,12,6,2,0.10638297872340426,0.21428571428571427
2023-10-14,Athlete Q,Game,10.95,38,1,45,25,11,6,2,0.022222222222222223,0.14285714285714285
2023-10-14,Athlete R,Game,9.100000000000001,29,8,42,17,11,1,2,0.19047619047619047,0.034482758620689655
2023-10-14,Athlete S,Game,12.6,26,6,38,7,5,2,2,0.15789473684210525,0.14285714285714285
2023-10-14,Athlete T,Game,14.45,27,8,46,19,8,7,2,0.17391304347826086,0.20588235294117646
2023-10-21,Athlete C,Game,13.399999999999999,73,14,108,20,13,21,2,0.12962962962962962,0.3888888888888889
2023-10-21,Athlete E,Game,12.600000000000001,47,10,81,48,18,17,2,0.12345679012345678,0.20481927710843373
2023-10-21,Athlete F,Game,11.899999999999999,60,12,87,42,28,15,2,0.13793103448275862,0.17647058823529413
2023-10-21,Athlete L,Game,10.55,35,6,49,13,4,9,2,0.12244897959183673,0.34615384615384615
2023-10-21,Athlete M,Game,11.649999999999999,52,3,77,36,10,11,2,0.03896103896103896,0.19298245614035087
2023-10-21,Athlete O,Game,11.05,53,17,81,35,21,7,2,0.20987654320987653,0.1111111111111111
2023-10-21,Athlete P,Game,10.85,70,15,118,17,19,14,2,0.1271186440677966,0.28
2023-10-21,Athlete R,Game,9.9,65,8,87,24,15,2,2,0.09195402298850575,0.04878048780487805
2023-10-28,Athlete B,Game,11.45,27,7,48,23,9,5,2,0.14583333333333334,0.13513513513513514
2023-10-28,Athlete C,Game,8.15,40,7,55,24,14,13,2,0.12727272727272726,0.2549019607843137
2023-10-28,Athlete E,Game,9.75,53,12,81,39,18,15,2,0.14814814814814814,0.20833333333333334
2023-10-28,Athlete F,Game,10.05,77,12,113,24,12,17,2,0.10619469026548672,0.32075471698113206
2023-10-28,Athlete O,Game,9.85,59,14,95,32,14,12,2,0.14736842105263157,0.20689655172413793
2023-10-28,Athlete P,Game,10.15,62,6,84,16,11,13,2,0.07142857142857142,0.325
2023-10-28,Athlete Q,Game,8.75,24,6,34,9,6,4,2,0.17647058823529413,0.21052631578947367
2023-10-28,Athlete R,Game,8.4,68,23,108,30,17,3,2,0.21296296296296297,0.06
2023-11-06,Athlete B,Game,10.65,18,5,36,20,4,6,2,0.1388888888888889,0.2
2023-11-06,Athlete C,Game,9.5,37,3,54,25,13,14,2,0.05555555555555555,0.2692307692307692
2023-11-06,Athlete E,Game,14.75,84,29,142,32,16,22,2,0.20422535211267606,0.3142857142857143
2023-11-06,Athlete F,Game,11.3,64,11,89,32,18,17,2,0.12359550561797752,0.2537313432835821
2023-11-06,Athlete L,Game,10.35,68,15,99,27,10,14,2,0.15151515151515152,0.27450980392156865
2023-11-06,Athlete M,Game,9.3,74,6,87,35,8,11,2,0.06896551724137931,0.2037037037037037
2023-11-06,Athlete O,Game,11.95,46,6,60,21,4,7,2,0.1,0.21875
2023-11-06,Athlete P,Game,9.65,46,12,83,15,9,8,2,0.14457831325301204,0.25
2023-11-06,Athlete Q,Game,9.399999999999999,36,5,47,15,7,6,2,0.10638297872340426,0.21428571428571427
2023-11-06,Athlete R,Game,10.0,72,7,98,36,14,2,2,0.07142857142857142,0.038461538461538464
2023-11-10,Athlete C,Game,10.0,36,5,62,19,26,26,2,0.08064516129032258,0.36619718309859156
2023-11-10,Athlete E,Game,10.9,74,18,123,64,19,42,2,0.14634146341463414,0.336
2023-11-10,Athlete F,Game,10.5,72,7,96,43,20,26,2,0.07291666666666667,0.29213483146067415
2023-11-10,Athlete M,Game,9.4,29,4,47,34,8,14,2,0.0851063829787234,0.25
2023-11-10,Athlete O,Game,11.3,39,17,73,29,15,7,2,0.2328767123287671,0.13725490196078433
2023-11-10,Athlete P,Game,10.899999999999999,101,13,133,25,31,24,2,0.09774436090225563,0.3
2023-11-10,Athlete R,Game,8.7,115,18,164,37,19,2,2,0.10975609756097561,0.034482758620689655
2023-11-14,Athlete B,Game,10.45,21,6,36,43,14,10,2,0.16666666666666666,0.14925373134328357
2023-11-14,Athlete E,Game,15.649999999999999,57,21,108,38,21,22,2,0.19444444444444445,0.2716049382716049
2023-11-14,Athlete F,Game,12.05,33,2,49,30,12,14,2,0.04081632653061224,0.25
2023-11-14,Athlete L,Game,10.850000000000001,52,8,79,22,7,15,2,0.10126582278481013,0.3409090909090909
2023-11-14,Athlete M,Game,10.4,60,3,77,46,9,17,2,0.03896103896103896,0.2361111111111111
2023-11-14,Athlete O,Game,11.0,66,10,88,33,14,10,2,0.11363636363636363,0.17543859649122806
2023-11-14,Athlete P,Game,11.75,35,4,52,18,10,11,2,0.07692307692307693,0.28205128205128205
2023-11-14,Athlete Q,Game,10.05,31,3,42,19,10,7,2,0.07142857142857142,0.19444444444444445
2023-11-14,Athlete R,Game,9.3,52,8,78,22,11,3,2,0.10256410256410256,0.08333333333333333
2023-11-16,Athlete B,Game,10.75,39,4,48,34,12,7,2,0.08333333333333333,0.1320754716981132
2023-11-16,Athlete E,Game,14.6,86,31,173,72,20,23,2,0.1791907514450867,0.2
2023-11-16,Athlete F,Game,11.05,52,9,79,33,11,16,2,0.11392405063291139,0.26666666666666666
2023-11-16,Athlete L,Game,11.1,60,10,83,20,5,12,2,0.12048192771084337,0.32432432432432434
2023-11-16,Athlete M,Game,11.0,61,9,84,45,10,22,2,0.10714285714285714,0.2857142857142857
2023-11-16,Athlete O,Game,10.35,57,9,76,33,8,9,2,0.11842105263157894,0.18
2023-11-16,Athlete P,Game,10.85,63,14,102,23,19,12,2,0.13725490196078433,0.2222222222222222
2023-11-16,Athlete Q,Game,11.5,20,2,26,4,2,6,2,0.07692307692307693,0.5
2023-11-16,Athlete R,Game,9.75,83,11,113,34,13,2,2,0.09734513274336283,0.04081632653061224
2023-11-20,Athlete C,Game,10.75,42,8,67,21,15,18,2,0.11940298507462686,0.3333333333333333
2023-11-20,Athlete E,Game,15.6,98,42,176,61,17,27,2,0.23863636363636365,0.2571428571428571
2023-11-20,Athlete F,Game,10.5,65,19,97,53,19,18,2,0.1958762886597938,0.2
2023-11-20,Athlete L,Game,10.7,52,11,70,18,5,5,2,0.15714285714285714,0.17857142857142858
2023-11-20,Athlete M,Game,10.05,48,2,62,27,4,12,2,0.03225806451612903,0.27906976744186046
2023-11-20,Athlete O,Game,11.2,70,12,99,44,14,10,2,0.12121212121212122,0.14705882352941177
2023-11-20,Athlete P,Game,11.25,33,9,58,21,11,7,2,0.15517241379310345,0.1794871794871795
2023-11-20,Athlete Q,Game,12.45,14,3,22,6,2,1,2,0.13636363636363635,0.1111111111111111
2023-11-20,Athlete R,Game,9.45,77,15,112,26,13,2,2,0.13392857142857142,0.04878048780487805
2023-11-22,Athlete C,Game,8.9,40,13,66,27,14,22,2,0.19696969696969696,0.3492063492063492
2023-11-22,Athlete E,Game,11.45,112,49,228,68,21,35,2,0.2149122807017544,0.28225806451612906
2023-11-22,Athlete F,Game,8.8,70,14,97,21,19,20,2,0.14432989690721648,0.3333333333333333
2023-11-22,Athlete L,Game,9.85,74,14,112,21,16,11,2,0.125,0.22916666666666666
2023-11-22,Athlete M,Game,9.8,22,3,30,13,0,10,2,0.1,0.43478260869565216
2023-11-22,Athlete O,Game,10.55,76,13,111,32,12,6,2,0.11711711711711711,0.12
2023-11-22,Athlete P,Game,9.6,53,7,75,13,16,5,2,0.09333333333333334,0.14705882352941177
2023-11-22,Athlete R,Game,8.05,63,7,96,26,12,2,2,0.07291666666666667,0.05
2023-11-29,Athlete C,Game,10.05,45,11,75,26,23,14,2,0.14666666666666667,0.2222222222222222
2023-11-29,Athlete E,Game,13.45,105,46,192,63,16,41,2,0.23958333333333334,0.3416666666666667
2023-11-29,Athlete F,Game,11.0,64,15,106,37,31,20,2,0.14150943396226415,0.22727272727272727
2023-11-29,Athlete L,Game,10.3,31,8,47,5,4,5,2,0.1702127659574468,0.35714285714285715
2023-11-29,Athlete N,Game,10.0,18,5,28,7,5,6,2,0.17857142857142858,0.3333333333333333
2023-11-29,Athlete O,Game,11.45,73,15,108,44,18,10,2,0.1388888888888889,0.1388888888888889
2023-11-29,Athlete P,Game,11.4,23,4,30,12,7,4,2,0.13333333333333333,0.17391304347826086
2023-11-29,Athlete R,Game,9.850000000000001,129,21,180,36,34,2,2,0.11666666666666667,0.027777777777777776
2023-12-02,Athlete C,Game,10.7,36,9,61,27,18,17,2,0.14754098360655737,0.27419354838709675
2023-12-02,Athlete E,Game,14.0,58,23,100,45,13,19,2,0.23,0.24675324675324675
2023-12-02,Athlete F,Game,10.95,44,9,65,27,16,13,2,0.13846153846153847,0.23214285714285715
2023-12-02,Athlete L,Game,10.8,53,11,76,19,12,13,2,0.14473684210526316,0.29545454545454547
2023-12-02,Athlete N,Game,10.45,24,4,39,17,11,12,2,0.10256410256410256,0.3
2023-12-02,Athlete O,Game,11.55,45,11,75,25,10,13,2,0.14666666666666667,0.2708333333333333
2023-12-02,Athlete P,Game,11.05,54,4,70,11,8,4,2,0.05714285714285714,0.17391304347826086
2023-12-02,Athlete R,Game,10.0,98,18,138,39,17,6,2,0.13043478260869565,0.0967741935483871
2023-12-05,Athlete B,Game,12.05,39,8,58,28,11,3,2,0.13793103448275862,0.07142857142857142
2023-12-05,Athlete C,Game,11.100000000000001,36,5,54,19,8,14,2,0.09259259259259259,0.34146341463414637
2023-12-05,Athlete E,Game,14.65,55,24,106,36,19,9,2,0.22641509433962265,0.140625
2023-12-05,Athlete F,Game,12.85,42,7,58,31,21,9,2,0.1206896551724138,0.14754098360655737
2023-12-05,Athlete L,Game,11.899999999999999,70,14,93,16,10,18,2,0.15053763440860216,0.4090909090909091
2023-12-05,Athlete N,Game,10.75,32,6,46,15,21,16,2,0.13043478260869565,0.3076923076923077
2023-12-05,Athlete O,Game,12.5,32,3,42,18,3,4,2,0.07142857142857142,0.16
2023-12-05,Athlete P,Game,12.05,66,10,96,34,22,13,2,0.10416666666666667,0.18840579710144928
2023-12-05,Athlete Q,Game,13.350000000000001,37,8,52,13,7,9,2,0.15384615384615385,0.3103448275862069
2023-12-05,Athlete R,Game,10.850000000000001,54,8,82,28,12,3,2,0.0975609756097561,0.06976744186046512
2023-12-16,Athlete C,Game,11.1,39,10,72,21,8,16,2,0.1388888888888889,0.35555555555555557
2023-12-16,Athlete E,Game,14.75,103,35,167,54,18,29,2,0.20958083832335328,0.2871287128712871
2023-12-16,Athlete F,Game,11.6,77,12,110,35,14,31,2,0.10909090909090909,0.3875
2023-12-16,Athlete L,Game,13.5,50,9,72,15,11,9,2,0.125,0.2571428571428571
2023-12-16,Athlete N,Game,10.95,24,5,35,15,5,10,2,0.14285714285714285,0.3333333333333333
2023-12-16,Athlete O,Game,12.2,62,15,91,50,15,7,2,0.16483516483516483,0.09722222222222222
2023-12-16,Athlete P,Game,13.649999999999999,55,14,83,26,13,9,2,0.1686746987951807,0.1875
2023-12-16,Athlete R,Game,10.9,98,9,125,40,13,1,2,0.072,0.018518518518518517
2023-12-19,Athlete B,Game,9.850000000000001,30,5,44,19,12,9,2,0.11363636363636363,0.225
2023-12-19,Athlete C,Game,9.9,54,3,73,23,9,19,2,0.0410958904109589,0.37254901960784315
2023-12-19,Athlete E,Game,14.4,93,32,167,73,30,39,2,0.19161676646706588,0.2746478873239437
2023-12-19,Athlete F,Game,10.45,58,13,96,43,16,18,2,0.13541666666666666,0.23376623376623376
2023-12-19,Athlete L,Game,8.0,71,19,112,16,12,12,2,0.16964285714285715,0.3
2023-12-19,Athlete N,Game,8.7,22,3,34,16,5,7,2,0.08823529411764706,0.25
2023-12-19,Athlete O,Game,11.399999999999999,74,19,105,50,19,10,2,0.18095238095238095,0.12658227848101267
2023-12-19,Athlete P,Game,10.05,22,2,28,12,6,4,2,0.07142857142857142,0.18181818181818182
2023-12-19,Athlete R,Game,9.15,71,9,110,20,10,0,2,0.08181818181818182,0.0
2023-12-27,Athlete B,Game,11.95,26,4,41,20,12,3,2,0.0975609756097561,0.08571428571428572
2023-12-27,Athlete C,Game,10.399999999999999,28,5,44,25,11,13,2,0.11363636363636363,0.2653061224489796
2023-12-27,Athlete E,Game,15.75,79,36,165,50,21,26,2,0.21818181818181817,0.26804123711340205
2023-12-27,Athlete F,Game,11.3,48,10,73,22,17,17,2,0.136986301369863,0.30357142857142855
2023-12-27,Athlete L,Game,12.35,73,12,99,22,14,21,2,0.12121212121212122,0.3684210526315789
2023-12-27,Athlete N,Game,10.8,25,3,37,14,9,10,2,0.08108108108108109,0.30303030303030304
2023-12-27,Athlete O,Game,12.75,48,6,70,24,11,8,2,0.08571428571428572,0.18604651162790697
2023-12-27,Athlete P,Game,11.75,44,8,66,15,14,8,2,0.12121212121212122,0.21621621621621623
2023-12-27,Athlete Q,Game,12.6,23,8,37,17,7,7,2,0.21621621621621623,0.22580645161290322
2023-12-27,Athlete R,Game,10.45,75,12,120,19,19,4,2,0.1,0.09523809523809523
2023-12-30,Athlete B,Game,10.3,23,5,40,23,10,5,2,0.125,0.13157894736842105
2023-12-30,Athlete C,Game,9.0,37,4,54,26,14,17,2,0.07407407407407407,0.2982456140350877
2023-12-30,Athlete E,Game,10.85,61,12,99,75,26,22,2,0.12121212121212122,0.17886178861788618
2023-12-30,Athlete F,Game,10.1,53,11,79,36,16,19,2,0.13924050632911392,0.2676056338028169
2023-12-30,Athlete L,Game,10.05,64,5,80,13,9,13,2,0.0625,0.37142857142857144
2023-12-30,Athlete N,Game,8.75,16,4,24,10,3,8,2,0.16666666666666666,0.38095238095238093
2023-12-30,Athlete O,Game,10.8,60,22,107,49,13,4,2,0.205607476635514,0.06060606060606061
2023-12-30,Athlete P,Game,12.25,31,6,51,19,6,6,2,0.11764705882352941,0.1935483870967742
2023-12-30,Athlete Q,Game,11.0,33,1,38,11,6,8,2,0.02631578947368421,0.32
2023-12-30,Athlete R,Game,8.7,75,14,108,34,24,1,2,0.12962962962962962,0.01694915254237288
2024-01-03,Athlete B,Game,11.649999999999999,26,9,42,18,10,8,2,0.21428571428571427,0.2222222222222222
2024-01-03,Athlete C,Game,12.05,29,9,44,10,14,13,2,0.20454545454545456,0.35135135135135137
2024-01-03,Athlete E,Game,15.95,87,35,161,79,18,29,2,0.21739130434782608,0.23015873015873015
2024-01-03,Athlete F,Game,10.55,56,4,77,27,19,14,2,0.05194805194805195,0.23333333333333334
2024-01-03,Athlete L,Game,11.1,12,8,22,7,2,3,2,0.36363636363636365,0.25
2024-01-03,Athlete N,Game,9.15,10,4,16,7,3,4,2,0.25,0.2857142857142857
2024-01-03,Athlete O,Game,11.75,86,16,127,72,28,8,2,0.12598425196850394,0.07407407407407407
2024-01-03,Athlete P,Game,12.2,71,16,113,18,10,14,2,0.1415929203539823,0.3333333333333333
2024-01-03,Athlete R,Game,10.9,87,22,130,34,22,0,2,0.16923076923076924,0.0
2024-01-06,Athlete B,Game,11.75,27,4,39,31,12,3,2,0.10256410256410256,0.06521739130434782
2024-01-06,Athlete C,Game,10.25,38,11,59,28,11,16,2,0.1864406779661017,0.2909090909090909
2024-01-06,Athlete E,Game,11.149999999999999,68,6,94,70,18,30,2,0.06382978723404255,0.2542372881355932
2024-01-06,Athlete F,Game,11.6,58,11,89,38,16,14,2,0.12359550561797752,0.20588235294117646
2024-01-06,Athlete O,Game,11.9,18,9,35,17,8,7,2,0.2571428571428571,0.21875
2024-01-06,Athlete P,Game,12.399999999999999,66,22,117,19,15,4,2,0.18803418803418803,0.10526315789473684
2024-01-06,Athlete R,Game,9.6,78,10,119,22,12,4,2,0.08403361344537816,0.10526315789473684
2024-01-13,Athlete B,Game,11.35,18,2,21,22,5,4,2,0.09523809523809523,0.12903225806451613
2024-01-13,Athlete C,Game,9.95,39,7,61,22,8,16,2,0.11475409836065574,0.34782608695652173
2024-01-13,Athlete E,Game,13.6,86,28,134,47,16,17,2,0.208955223880597,0.2125
2024-01-13,Athlete F,Game,10.2,55,9,76,27,17,14,2,0.11842105263157894,0.2413793103448276
2024-01-13,Athlete L,Game,9.7,57,9,90,16,6,12,2,0.1,0.35294117647058826
2024-01-13,Athlete O,Game,11.95,41,16,71,39,18,7,2,0.22535211267605634,0.109375
2024-01-13,Athlete P,Game,10.100000000000001,25,10,42,8,5,3,2,0.23809523809523808,0.1875
2024-01-13,Athlete Q,Game,10.9,42,16,73,24,13,12,2,0.2191780821917808,0.24489795918367346
2024-01-13,Athlete R,Game,8.8,74,8,101,24,18,4,2,0.07920792079207921,0.08695652173913043
2024-01-17,Athlete C,Game,10.95,47,13,73,13,8,20,2,0.1780821917808219,0.4878048780487805
2024-01-17,Athlete E,Game,13.6,73,27,127,52,33,20,2,0.2125984251968504,0.19047619047619047
2024-01-17,Athlete F,Game,11.3,58,17,88,27,16,18,2,0.19318181818181818,0.29508196721311475
2024-01-17,Athlete M,Game,11.15,27,3,36,31,9,14,2,0.08333333333333333,0.25925925925925924
2024-01-17,Athlete O,Game,13.45,30,6,51,34,10,10,2,0.11764705882352941,0.18518518518518517
2024-01-17,Athlete P,Game,15.95,40,6,65,16,11,6,2,0.09230769230769231,0.18181818181818182
2024-01-17,Athlete Q,Game,12.0,66,14,103,24,25,12,2,0.13592233009708737,0.19672131147540983
2024-01-17,Athlete R,Game,10.5,59,14,90,18,15,2,2,0.15555555555555556,0.05714285714285714
2024-01-20,Athlete C,Game,10.0,46,6,74,31,24,18,2,0.08108108108108109,0.2465753424657534
2024-01-20,Athlete E,Game,11.0,83,16,127,68,19,27,2,0.12598425196850394,0.23684210526315788
2024-01-20,Athlete F,Game,10.95,67,10,96,36,17,24,2,0.10416666666666667,0.3116883116883117
2024-01-20,Athlete L,Game,9.7,26,4,35,8,3,2,2,0.11428571428571428,0.15384615384615385
2024-01-20,Athlete M,Game,10.4,22,7,33,21,0,7,2,0.21212121212121213,0.25
2024-01-20,Athlete O,Game,11.5,41,10,68,21,6,5,2,0.14705882352941177,0.15625
2024-01-20,Athlete Q,Game,10.85,38,11,71,18,13,6,2,0.15492957746478872,0.16216216216216217
2024-01-20,Athlete R,Game,8.25,69,6,100,32,13,3,2,0.06,0.0625
2024-01-24,Athlete B,Game,11.5,25,4,41,21,8,5,2,0.0975609756097561,0.14705882352941177
2024-01-24,Athlete C,Game,10.899999999999999,44,7,70,15,26,15,2,0.1,0.26785714285714285
2024-01-24,Athlete E,Game,14.6,92,26,170,53,19,32,2,0.15294117647058825,0.3076923076923077
2024-01-24,Athlete F,Game,11.75,48,18,78,47,18,14,2,0.23076923076923078,0.17721518987341772
2024-01-24,Athlete M,Game,11.75,36,4,55,41,9,11,2,0.07272727272727272,0.18032786885245902
2024-01-24,Athlete O,Game,11.149999999999999,17,1,21,22,6,3,2,0.047619047619047616,0.0967741935483871
2024-01-24,Athlete P,Game,13.2,49,11,76,18,15,7,2,0.14473684210526316,0.175
2024-01-24,Athlete Q,Game,12.15,59,11,85,22,21,13,2,0.12941176470588237,0.23214285714285715
2024-01-24,Athlete R,Game,10.25,25,6,45,14,6,0,2,0.13333333333333333,0.0
2024-01-27,Athlete B,Game,4.6,47,4,59,21,12,6,2,0.06779661016949153,0.15384615384615385
2024-01-27,Athlete C,Game,8.9,34,6,53,14,10,15,2,0.11320754716981132,0.38461538461538464
2024-01-27,Athlete E,Game,10.100000000000001,85,16,134,66,13,29,2,0.11940298507462686,0.26851851851851855
2024-01-27,Athlete F,Game,9.5,55,9,75,26,13,19,2,0.12,0.3275862068965517
2024-01-27,Athlete L,Game,3.45,61,9,80,9,5,9,2,0.1125,0.391304347826087
2024-01-27,Athlete M,Game,10.850000000000001,12,4,20,13,2,4,2,0.2,0.21052631578947367
2024-01-27,Athlete O,Game,9.149999999999999,45,7,60,17,7,6,2,0.11666666666666667,0.2
2024-01-27,Athlete P,Game,3.75,68,13,106,18,14,11,2,0.12264150943396226,0.2558139534883721
2024-01-27,Athlete Q,Game,12.05,22,6,34,8,7,5,2,0.17647058823529413,0.25
2024-01-27,Athlete R,Game,8.4,78,22,129,35,18,2,2,0.17054263565891473,0.03636363636363636
2024-01-31,Athlete B,Game,12.65,34,6,47,35,10,11,2,0.1276595744680851,0.19642857142857142
2024-01-31,Athlete C,Game,11.55,40,6,65,13,11,13,2,0.09230769230769231,0.35135135135135137
2024-01-31,Athlete E,Game,14.3,68,33,133,40,21,19,2,0.24812030075187969,0.2375
2024-01-31,Athlete F,Game,12.45,43,11,75,26,17,13,2,0.14666666666666667,0.23214285714285715
2024-01-31,Athlete M,Game,13.6,25,3,32,19,6,10,2,0.09375,0.2857142857142857
2024-01-31,Athlete O,Game,11.899999999999999,42,10,68,63,10,14,2,0.14705882352941177,0.16091954022988506
2024-01-31,Athlete P,Game,13.9,29,8,45,13,5,5,2,0.17777777777777778,0.21739130434782608
2024-01-31,Athlete Q,Game,11.1,55,10,81,24,10,11,2,0.12345679012345678,0.24444444444444444
2024-01-31,Athlete R,Game,11.8,30,7,47,13,10,1,2,0.14893617021276595,0.041666666666666664
2024-02-03,Athlete B,Game,9.6,23,9,38,12,6,4,2,0.23684210526315788,0.18181818181818182
2024-02-03,Athlete C,Game,9.1,29,11,49,22,9,24,2,0.22448979591836735,0.43636363636363634
2024-02-03,Athlete E,Game,9.5,71,16,104,43,16,31,2,0.15384615384615385,0.34444444444444444
2024-02-03,Athlete F,Game,9.600000000000001,61,20,97,21,12,20,2,0.20618556701030927,0.37735849056603776
2024-02-03,Athlete M,Game,10.2,10,4,18,10,2,6,2,0.2222222222222222,0.3333333333333333
2024-02-03,Athlete O,Game,10.55,74,20,119,63,24,13,2,0.16806722689075632,0.13
2024-02-03,Athlete P,Game,9.850000000000001,46,6,65,17,13,9,2,0.09230769230769231,0.23076923076923078
2024-02-03,Athlete Q,Game,9.600000000000001,79,14,115,21,19,20,2,0.12173913043478261,0.3333333333333333
2024-02-03,Athlete R,Game,8.5,53,6,77,24,13,2,2,0.07792207792207792,0.05128205128205128
2024-02-05,Athlete B,Game,12.45,26,4,44,41,16,4,2,0.09090909090909091,0.06557377049180328
2024-02-05,Athlete C,Game,11.55,36,4,57,30,7,14,2,0.07017543859649122,0.27450980392156865
2024-02-05,Athlete E,Game,14.5,53,27,105,55,11,27,2,0.2571428571428571,0.2903225806451613
2024-02-05,Athlete F,Game,13.600000000000001,64,7,83,27,16,19,2,0.08433734939759036,0.3064516129032258
2024-02-05,Athlete M,Game,11.5,23,1,26,23,7,11,2,0.038461538461538464,0.2682926829268293
2024-02-05,Athlete O,Game,11.8,38,9,57,38,13,10,2,0.15789473684210525,0.16393442622950818
2024-02-05,Athlete P,Game,11.2,61,11,100,21,18,12,2,0.11,0.23529411764705882
2024-02-05,Athlete Q,Game,12.95,29,4,39,9,14,10,2,0.10256410256410256,0.30303030303030304
2024-02-05,Athlete R,Game,11.7,55,5,74,16,12,1,2,0.06756756756756757,0.034482758620689655
2024-02-10,Athlete B,Game,3.0999999999999996,47,4,68,22,11,5,2,0.058823529411764705,0.13157894736842105
2024-02-10,Athlete C,Game,6.0,60,11,97,17,13,18,2,0.1134020618556701,0.375
2024-02-10,Athlete E,Game,9.0,53,16,79,48,13,19,2,0.20253164556962025,0.2375
2024-02-10,Athlete F,Game,6.7,73,21,116,46,29,30,2,0.1810344827586207,0.2857142857142857
2024-02-10,Athlete M,Game,2.6,37,1,41,30,4,7,2,0.024390243902439025,0.17073170731707318
2024-02-10,Athlete O,Game,9.4,47,9,66,51,15,11,2,0.13636363636363635,0.14285714285714285
2024-02-10,Athlete P,Game,9.3,69,17,111,18,17,16,2,0.15315315315315314,0.3137254901960784
2024-02-10,Athlete Q,Game,11.45,28,6,41,9,6,4,2,0.14634146341463414,0.21052631578947367
2024-02-10,Athlete R,Game,5.3,118,14,180,33,18,1,2,0.07777777777777778,0.019230769230769232
2024-02-13,Athlete B,Game,11.85,21,5,34,13,7,7,2,0.14705882352941177,0.25925925925925924
2024-02-13,Athlete C,Game,11.05,52,10,83,22,14,16,2,0.12048192771084337,0.3076923076923077
2024-02-13,Athlete E,Game,13.8,74,48,154,61,24,27,2,0.3116883116883117,0.24107142857142858
2024-02-13,Athlete F,Game,10.15,46,8,77,25,19,21,2,0.1038961038961039,0.3230769230769231
2024-02-13,Athlete M,Game,11.65,8,1,14,18,2,4,2,0.07142857142857142,0.16666666666666666
2024-02-13,Athlete N,Game,3.0500000000000003,0,0,0,0,0,0,2,,
2024-02-13,Athlete O,Game,11.0,51,17,86,38,18,10,2,0.19767441860465115,0.15151515151515152
2024-02-13,Athlete P,Game,13.35,41,9,64,11,13,5,2,0.140625,0.1724137931034483
2024-02-13,Athlete Q,Game,14.4,15,4,25,6,3,3,2,0.16,0.25
2024-02-13,Athlete R,Game,8.25,50,8,80,20,11,2,2,0.1,0.06060606060606061
2024-02-17,Athlete C,Game,11.8,36,11,67,15,11,18,2,0.16417910447761194,0.4090909090909091
2024-02-17,Athlete E,Game,15.350000000000001,98,38,169,60,24,32,2,0.22485207100591717,0.27586206896551724
2024-02-17,Athlete F,Game,10.95,53,12,80,29,17,15,2,0.15,0.2459016393442623
2024-02-17,Athlete M,Game,11.4,17,3,28,16,3,4,2,0.10714285714285714,0.17391304347826086
2024-02-17,Athlete O,Game,11.100000000000001,37,10,60,41,7,4,2,0.16666666666666666,0.07692307692307693
2024-02-17,Athlete P,Game,11.65,55,4,77,11,16,14,2,0.05194805194805195,0.34146341463414637
2024-02-17,Athlete Q,Game,12.4,42,11,65,14,8,7,2,0.16923076923076924,0.2413793103448276
2024-02-17,Athlete R,Game,9.149999999999999,58,6,79,24,18,2,2,0.0759493670886076,0.045454545454545456
2024-02-19,Athlete B,Game,10.55,30,4,43,24,11,10,2,0.09302325581395349,0.2222222222222222
2024-02-19,Athlete C,Game,9.8,32,9,55,16,6,12,2,0.16363636363636364,0.35294117647058826
2024-02-19,Athlete E,Game,13.75,68,30,116,55,22,18,2,0.25862068965517243,0.18947368421052632
2024-02-19,Athlete F,Game,9.75,43,7,62,21,11,14,2,0.11290322580645161,0.30434782608695654
2024-02-19,Athlete L,Game,10.75,37,5,51,11,4,9,2,0.09803921568627451,0.375
2024-02-19,Athlete M,Game,10.05,40,6,54,41,8,17,2,0.1111111111111111,0.25757575757575757
2024-02-19,Athlete O,Game,11.05,52,12,77,40,13,4,2,0.15584415584415584,0.07017543859649122
2024-02-19,Athlete P,Game,10.2,71,10,95,26,9,17,2,0.10526315789473684,0.3269230769230769
2024-02-19,Athlete Q,Game,12.55,39,9,59,4,6,6,2,0.15254237288135594,0.375
2024-02-19,Athlete R,Game,8.2,41,12,63,12,4,0,2,0.19047619047619047,0.0
2024-02-24,Athlete B,Game,13.1,12,4,18,4,2,2,2,0.2222222222222222,0.25
2024-02-28,Athlete B,Game,9.3,11,3,15,7,7,2,2,0.2,0.125
2024-02-28,Athlete C,Game,9.75,31,9,55,21,10,19,2,0.16363636363636364,0.38
2024-02-28,Athlete E,Game,11.45,61,16,96,66,23,28,2,0.16666666666666666,0.23931623931623933
2024-02-28,Athlete F,Game,10.75,53,11,80,36,17,18,2,0.1375,0.2535211267605634
2024-02-28,Athlete M,Game,2.4,22,2,30,18,4,5,2,0.06666666666666667,0.18518518518518517
2024-02-28,Athlete O,Game,10.55,44,9,68,92,17,13,2,0.1323529411764706,0.10655737704918032
2024-02-28,Athlete P,Game,4.050000000000001,69,13,106,15,13,11,2,0.12264150943396226,0.28205128205128205
2024-02-28,Athlete Q,Game,11.9,56,6,83,24,17,13,2,0.07228915662650602,0.24074074074074073
2024-02-28,Athlete R,Game,3.6,42,9,73,13,9,4,2,0.1232876712328767,0.15384615384615385
2024-03-02,Athlete B,Game,10.95,12,2,18,12,7,5,2,0.1111111111111111,0.20833333333333334
2024-03-02,Athlete C,Game,11.05,47,6,68,23,18,14,2,0.08823529411764706,0.2545454545454545
2024-03-02,Athlete E,Game,11.75,76,12,108,47,15,38,2,0.1111111111111111,0.38
2024-03-02,Athlete F,Game,11.1,57,9,83,36,15,25,2,0.10843373493975904,0.32894736842105265
2024-03-02,Athlete M,Game,10.15,18,6,27,14,3,12,2,0.2222222222222222,0.41379310344827586
2024-03-02,Athlete N,Game,11.1,6,0,9,7,0,2,2,0.0,0.2222222222222222
2024-03-02,Athlete O,Game,11.149999999999999,63,19,93,49,21,5,2,0.20430107526881722,0.06666666666666667
2024-03-02,Athlete P,Game,11.55,53,6,72,19,9,11,2,0.08333333333333333,0.28205128205128205
2024-03-02,Athlete Q,Game,12.25,26,7,45,11,3,2,2,0.15555555555555556,0.125
2024-03-02,Athlete R,Game,7.6,58,9,84,26,11,1,2,0.10714285714285714,0.02631578947368421
2024-03-09,Athlete B,Game,12.100000000000001,29,9,45,35,12,16,2,0.2,0.25396825396825395
2024-03-09,Athlete C,Game,11.2,48,7,70,19,23,16,2,0.1,0.27586206896551724
2024-03-09,Athlete E,Game,14.75,72,15,114,34,14,19,2,0.13157894736842105,0.2835820895522388
2024-03-09,Athlete F,Game,11.6,66,6,92,22,18,22,2,0.06521739130434782,0.3548387096774194
2024-03-09,Athlete M,Game,12.75,29,6,46,38,5,14,2,0.13043478260869565,0.24561403508771928
2024-03-09,Athlete O,Game,11.7,67,13,98,74,17,12,2,0.1326530612244898,0.11650485436893204
2024-03-09,Athlete P,Game,14.25,61,11,87,14,19,10,2,0.12643678160919541,0.23255813953488372
2024-03-09,Athlete Q,Game,13.25,25,1,29,8,7,7,2,0.034482758620689655,0.3181818181818182
